internal_id,first_name,middle_name,last_name,other_last_name,email,orcid,scopus_id,google_scholar_id,openalex_id1,openalex_id2,openalex_id3,notes,total_publications,total_citations,h_index
idb0000-alqubalee-abdullah,Abdullah,,Alqubalee,,abdullah.alqubalee@kfupm.edu.sa,0000-0002-0543-9026,57196439599,B-qHbuwAAAAJ,A5035537771,,,,49,397,12
idb0001-alramadan-khalid,Khalid,,Al-Ramadan,,,,,0GyAZb0AAAAJ,A5085007251,A5104094821,A5021382014,,176,2347,24
idb0002-collins-alan,Alan,S,Collins,,,,,mdIoI48AAAAJ,A5046466285,,,,407,19031,69
idb0003-al-husseini-moujahed,Moujahed,,Al-Husseini,,,,,,A5081811780,,,,60,1946,22
idb0004-vecoli-marco,Marco,,Vecoli,,,,,,A5039685767,,,,131,2997,34
idb0005-el-ghali-mohamed,Mohamed,A,El-Ghali,,,,,,A5044806143,,,,90,1317,21
idb0006-babalola-lamidi,Lamidi,,Babalola,,,,,,A5044235421,,,,75,589,13
idb0007-abouelresh-mohamed,Mohamed,,Abouelresh,,,,,,A5039010638,,,,50,965,14
idb0008-abdullatif-osman,Osman,,Abdullatif,,,,,,A5028390167,,,,151,1134,17
idb0009-osman-mutasim,Mutasim,,Osman,,,,,,A5035421092,,,,41,58,4
idb0010-bello-abdulwahab,Abdulwahab,,Bello,,,,,,A5014657720,,,,63,540,13
idb0011-salisu-anas,Anas,,Salisu,,,,,,A5072935704,,,,17,120,7
idb0012-alfataierge-ezzedeen,Ezzedeen,,Alfataierge,,fataireo@outlook.com,,,,A5052123503,,,,27,71,5
idb0013-kanfar-rayan,Rayan,,Kanfar,,,,,,A5071165005,,,,8,87,4
idb0014-afifi-abdulkader,Abdulkader,M,Afifi,,,,,,A5074794653,,,,78,1710,15
idb0015-alouani-rabah,Rabah,,Alouani,,,,,,A5051221143,,,,19,189,7
idb0016-stephenson-michael,Michael,,Stephenson,,,,,,A5040147688,,,,158,2813,31
idb0017-benaafi-mohammed,Mohammed,,Benaafi,,,,,,A5034568196,,,,72,923,19
idb0018-al-khirbash-salah,Salah,,Al-Khirbash,,,,,,A5081695998,,,,45,925,16
idb0019-hakimi-mohammed,Mohammed,H,Hakimi,,,,,,A5029716563,,,,222,4418,40
idb0020-al-laboun-abdulaziz,Abdulaziz,A,Al-Laboun,,,,,,A5061320565,,,,16,265,8
idb0021-amao-abduljamiu,Abduljamiu,,Amao,,,,,,A5027197211,,,,150,1192,20
idb0022-al-shuhail-abdullatif,Abdullatif,,Al-Shuhail,,,,,,A5054922583,,,,173,1261,21
idb0023-al-lehyani-ayman,Ayman,,Al-Lehyani,,,,,,A5059100961,,,,7,83,3
idb0024-saraih-nabil,Nabil,,Saraih,,,,,,A5088388992,,,,11,69,4
idb0025-abdlmutalib-ammar,Ammar,,Abdlmutalib,,,,,,A5006844997,,,,29,120,7
idb0026-chan-septriandi,Septriandi,,Chan,,,,,,A5080643603,,,,33,466,9
idb0027-abu-mahfouz-israa,Israa,,Abu-Mahfouz,,,,,,A5079903196,,,,66,578,13
idb0028-salih-moaz,Moaz,,Salih,,,,,,A5034460286,,,,22,115,5
idb0029-malik-muhammad,Muhammad,,Malik,,,,,,A5009697450,,,,21,250,8
idb0030-kaminski-michael,Michael,,Kaminski,,,,,,A5035815399,,,,439,6621,41
idb0031-whattam-scott,Scott,,Whattam,,,,,,A5011750653,,,,244,3289,26
idb0032-michael-nikolaos,Nikolaos,,Michael,,,,,,A5002041459,,,,12,127,6
idb0033-zühlke-rainer,Rainer,,Zühlke,,,,,,A5086485606,,,,47,943,15
idb0034-lenindre-yves-michel,Yves-Michel,,LeNindre,,,,,,A5054427253,,,,41,953,16
idb0035-memesh-abdullah,Abdullah,,Memesh,,,,,,A5044930714,,,,24,401,10
idb0036-al-ajmi-hussain,Hussain,,Al-Ajmi,,,,,,A5047482366,,,,14,85,5
idb0037-al-duaiji-abdulaziz,Abdulaziz,,Al-Duaiji,,,,,,A5002859780,,,,8,61,2
idb0038-craigie-neil,Neil,,Craigie,,,,,,A5013083803,,,,31,231,8
idb0039-sadooni-fadhil,Fadhil,,Sadooni,,,,,,A5070411489,,,,120,1515,22
idb0040-al-kuwari-hamad,Hamad,,Al-kuwari,,,,,,A5079669280,,,,44,447,11
idb0041-alsuwaidi-mohammad,Mohammad,,Alsuwaidi,,,,,,A5018306569,,,,42,291,11
idb0042-al-kindi-mohammed,Mohammed,,Al-Kindi,,,,,,A5007597150,,,,9,23,3
idb0043-cantrell-dave,Dave,,Cantrell,,,,,,A5039734802,,,,40,1220,20
idb0044-alsharhan-abdulrahman,Abdulrahman,,Alsharhan,,,,,,A5010401681,,,,168,3649,34
idb0045-abed-abdulkader,Abdulkader,,Abed,,,,,,A5102809672,,,,60,1568,24
idb0046-melvin-john,John,,Melvin,,,,,,A5103799444,,,,36,698,13
idb0047-polo-camilo,Camilo,,Polo,,,,,,A5030587820,,,,9,177,4
idb0048-al-hussaini-abdulkarim,Abdulkarim,,Al-Hussaini,,,,,,A5080748045,,,,14,99,7
idb0049-koeshidayatullah-ardiansyah,Ardiansyah,,Koeshidayatullah,,,,,,A5059881838,,,,97,1041,19
idb0050-herlambang-adhipa,Adhipa,,Herlambang,,,,,,A5051302005,,,,30,58,5
idb0051-vaslet-denis,Denis,,Vaslet,,,,,,A5038965329,,,,40,1047,18
idb0052-Énay-raymond,Raymond,,Énay,,,,,,A5084630459,,,,103,1806,21
idb0053-manivit-jacques,Jacques,,Manivit,,,,,,A5051867931,,,,8,310,5
idb0054-johnson-peter,Peter,,Johnson,,,,,,A5103098706,,,,81,5831,33
idb0055-al-hajri-said,Said,,Al-Hajri,,,,,,A5054134454,,,,34,1104,14
idb0056-droste-henk,Henk,,Droste,,,,,,A5058646530,,,,45,2102,17
idb0057-knaust-dirk,Dirk,,Knaust,,,,,,A5013195813,,,,114,2727,31
idb0058-al-masrahy-mohammed,Mohammed,,Al-Masrahy,,,,,,A5042665751,,,,15,248,5
idb0059-eltom-hassan,Hassan,,Eltom,,heltom@ku.edu,,,,A5040857714,,,,83,587,15